{
  "$schema": "https://developer.microsoft.com/json-schemas/spfx-build/package-solution.schema.json",
  "solution": {
    "name": "carvajal-client-side-solution",
    "id": "e293a630-29de-4b6c-b2b4-87642407a8ea",
    "version": "1.0.0.0",
    "includeClientSideAssets": true,
    "skipFeatureDeployment": true,
    "isDomainIsolated": false,
    "developer": {
      "name": "",
      "websiteUrl": "",
      "privacyUrl": "",
      "termsOfUseUrl": "",
      "mpnId": "Undefined-1.14.0"
    },
    "metadata": {
      "shortDescription": {
        "default": "carvajal description"
      },
      "longDescription": {
        "default": "carvajal description"
      },
      "screenshotPaths": [],
      "videoUrl": "",
      "categories": []
    },
    "features": [
      {
        "title": "carvajal Feature",
        "description": "The feature that activates elements of the carvajal solution.",
        "id": "0578aaec-81b4-4144-a2c6-c2685884e103",
        "version": "1.0.0.0"
      }
    ]
  },
  "paths": {
    "zippedPackage": "solution/carvajal.sppkg"
  }
}
